new,temp,humi,movement,vacc,naver
0,5.8,71.8,4241286,0.0,82.4784
0,3.4,55.3,4927361,0.0,105.90724999999999
0,4.8,57.0,4995550,0.0,95.68114
0,2.2,53.4,5000756,0.0,97.23238
0,1.4,47.5,5066442,0.0,89.19865999999999
0,3.7,46.8,5280464,0.0,81.44081
0,7.0,39.5,4956528,0.0,65.20044
0,9.3,43.8,4528347,0.0,59.77925
0,11.1,37.6,5191153,0.0,69.57105
0,6.4,78.4,5065999,0.0,70.16503999999999
0,3.8,41.8,5239592,0.0,49.9347
0,6.8,49.8,5239157,0.0,45.5572
0,4.9,41.0,5389107,0.0,44.68255
0,3.6,48.1,5085631,0.0,35.80271
0,4.0,48.3,4560008,0.0,52.984280000000005
0,3.6,42.4,5255600,0.0,61.70491
0,6.6,65.8,5289945,0.0,59.87904
0,10.0,45.8,5402900,0.0,49.7896
0,9.1,49.0,5245723,0.0,50.821220000000004
0,8.8,39.6,5592326,0.0,50.71316
0,12.8,56.5,5258392,0.0,44.34578
0,11.0,37.5,4747731,0.0,40.74696
0,10.6,37.9,5383891,0.0,48.935950000000005
0,11.4,35.0,5441879,0.0,45.68495
0,12.5,33.6,5563600,0.0,46.099520000000005
0,14.8,53.8,5529099,0.0,45.25865
0,11.9,56.4,5721505,0.0,44.51886
0,7.7,17.9,5346369,0.0,21.896910000000002
0,8.7,30.6,4902848,0.0,37.403659999999995
0,10.2,38.4,5543778,0.0,42.65933
0,11.9,34.5,5634685,0.0,59.50983
0,11.3,35.6,5194338,0.0,37.592729999999996
0,9.3,41.4,5269422,0.0,40.30743
0,10.0,53.8,5432144,0.0,38.25507
0,8.9,36.4,5010250,0.0,33.62608
0,7.2,29.5,4559348,0.0,30.23001
0,9.3,38.3,5309405,0.0,40.07805
0,10.6,56.6,5382355,0.0,47.46219000000001
0,9.4,25.5,5426324,0.0,42.36532
0,8.9,44.6,5446661,0.0,34.07319
0,10.7,52.6,5643451,0.0,36.52708
0,9.9,63.8,5251615,0.0,34.361180000000004
0,9.9,58.6,4672845,0.0,37.216
0,12.4,39.4,5488489,0.0,42.08202
0,13.0,46.8,5672066,0.0,34.5289
0,13.2,39.8,5104471,0.0,27.066670000000002
0,16.0,39.9,5622145,0.0,38.7335
0,12.5,77.8,5656603,0.0,44.526469999999996
0,13.5,67.9,5450261,0.0,35.14374
0,12.3,75.8,4779704,0.0,34.91848
0,10.0,73.0,5609042,0.0,42.64271
0,7.4,49.0,5693453,0.0,41.0167
2,6.0,46.8,5737720,0.0,38.7914
0,7.9,47.8,5812683,0.0,37.40814
0,9.9,55.6,6019194,0.0,34.08444
1,13.1,54.4,5629506,0.0,29.212130000000002
0,12.3,43.1,5154352,0.0,31.534760000000002
0,12.9,49.8,5853013,0.0,35.56589
4,13.9,50.0,5958074,0.0,32.13458
0,14.9,48.6,6156296,0.0,34.391870000000004
0,17.1,57.1,5372042,0.0,28.762069999999998
1,20.2,73.6,5117175,0.0,31.042769999999997
1,20.3,79.6,5155218,0.0,14.374830000000001
2,21.8,68.8,5012908,0.0,29.88128
0,20.2,63.9,5583233,0.0,22.85413
0,16.0,67.9,5094080,0.0,26.13991
0,19.4,50.0,5709816,0.0,29.08334
0,20.7,32.5,5799255,0.0,32.80781
11,19.9,32.8,5972733,0.0,35.93286
10,14.2,94.4,5481111,0.0,27.191409999999998
11,14.4,88.6,5181901,0.0,31.113400000000002
21,16.5,61.0,5695249,0.0,31.07914
13,14.3,69.4,5743052,0.0,29.267229999999998
5,16.1,47.3,5824475,0.0,31.67349
6,19.3,35.4,5845556,0.0,33.31125000000001
11,16.1,81.4,5834737,0.0,28.75196
6,16.7,90.3,5701079,0.0,26.62816
4,19.1,80.1,5336988,0.0,24.381569999999996
1,19.1,79.4,5665567,0.0,22.785430000000005
14,13.0,73.6,5815107,0.0,24.6314
3,14.4,60.4,5989397,0.0,21.95635
3,17.4,56.1,6019179,0.0,19.29796
3,18.5,68.5,6140154,0.0,19.92908
3,20.1,66.1,5888216,0.0,16.86834
6,17.1,84.8,5344726,0.0,15.492709999999999
8,16.6,81.0,5937603,0.0,19.129089999999998
16,16.2,81.9,5941570,0.0,18.823140000000002
15,17.4,68.5,6086859,0.0,21.7693
21,18.7,62.8,6060135,0.0,30.942600000000002
18,20.7,65.6,6206003,0.0,28.95549
9,22.6,57.3,5831426,0.0,20.945059999999998
6,21.2,63.0,5384423,0.0,15.19385
2,19.7,64.3,5555099,0.0,17.48197
15,17.9,71.0,5523031,0.0,16.318920000000002
18,22.0,73.3,5712016,0.0,16.734550000000002
20,21.9,81.1,5727350,0.0,14.91248
13,23.0,69.4,5906195,0.0,13.14364
23,24.6,63.6,5390713,0.0,14.930100000000001
27,22.7,69.4,5085072,0.0,15.93947
18,25.0,63.6,5681403,0.0,16.87403
22,26.7,51.6,5744060,0.0,15.790579999999999
10,25.8,63.8,5749022,0.0,13.82742
19,26.1,68.3,5832479,0.0,12.37763
24,24.7,68.6,5983289,0.0,13.17169
29,26.9,52.8,5636795,0.0,10.67562
12,24.0,70.6,5142997,0.0,10.21842
7,23.0,62.3,5797943,0.0,12.80916
12,24.4,63.0,5853847,0.0,11.47165
13,24.3,58.6,5918981,0.0,11.73166
25,23.4,61.4,5906338,0.0,10.63308
18,24.7,61.4,6073578,0.0,11.18547
14,24.9,62.6,5691116,0.0,10.910599999999999
17,26.1,59.5,5193394,0.0,10.59137
5,28.6,50.5,5802463,0.0,12.10054
6,27.3,53.5,5898544,0.0,12.930629999999999
11,22.3,83.5,5739346,0.0,10.73859
9,21.6,91.0,5909685,0.0,10.55666
17,21.8,82.1,6159108,0.0,10.31948
17,24.1,70.4,5809423,0.0,9.62613
14,25.2,70.5,5306307,0.0,10.31906
7,23.8,77.0,5867877,0.0,11.522359999999999
7,20.1,83.0,5902526,0.0,10.18223
9,21.1,79.3,5589367,0.0,10.7493
13,24.2,74.5,5624065,0.0,11.56262
12,25.5,63.5,5798332,0.0,11.71229
7,24.2,63.9,5570484,0.0,10.65114
16,23.8,68.6,5127384,0.0,10.81331
3,25.6,66.6,5579602,0.0,11.62089
3,24.1,75.5,5654124,0.0,10.0715
10,25.5,71.9,5732145,0.0,11.33429
8,27.5,64.6,5732217,0.0,10.35053
8,24.5,75.0,6127070,0.0,8.8895
8,25.8,62.6,5900439,0.0,7.70503
7,23.5,71.9,5311572,0.0,7.648359999999999
13,18.7,94.8,5662315,0.0,8.493260000000001
7,20.3,79.4,5959191,0.0,8.856150000000001
6,23.4,63.1,6092292,0.0,7.96965
7,25.0,70.9,6102868,0.0,7.70066
9,26.0,72.0,6209530,0.0,8.32227
6,26.1,71.6,5920846,0.0,7.573580000000001
10,24.0,81.6,5351735,0.0,6.867900000000001
3,23.8,86.3,5928562,0.0,7.86243
21,25.0,77.0,6093433,0.0,8.56742
16,23.7,89.3,6002767,0.0,8.478349999999999
12,21.1,95.5,5875356,0.0,7.7585299999999995
21,22.5,74.3,6292089,0.0,7.73543
11,24.3,69.3,6010572,0.0,9.113809999999999
7,25.4,69.3,5513887,0.0,8.284329999999999
9,24.3,86.4,5956923,0.0,7.5889299999999995
6,24.4,84.8,6070883,0.0,7.18069
9,23.7,95.8,6017310,0.0,6.9360800000000005
3,25.3,85.5,6180146,0.0,7.175790000000001
8,26.2,81.9,6312579,0.0,7.77085
2,25.3,90.9,5250601,0.0,6.14015
5,24.9,96.3,4763639,0.0,5.088839999999999
5,25.0,96.3,5150096,0.0,5.65047
9,27.0,89.3,5595100,0.0,6.88237
6,26.5,92.1,5631616,0.0,5.998499999999999
9,24.1,92.8,5703595,0.0,5.809380000000001
9,24.3,85.3,5977830,0.0,6.01241
17,24.2,89.5,5612554,0.0,4.63985
13,24.9,95.4,4890376,0.0,3.9679200000000003
13,26.5,91.6,5638754,0.0,4.638859999999999
6,24.6,92.5,5806417,0.0,6.47513
15,27.2,83.9,5952275,0.0,7.6751700000000005
26,28.0,82.4,5917977,0.0,7.31749
32,27.1,86.1,5992072,0.0,15.81167
74,26.1,96.0,5379891,0.0,18.463430000000002
146,27.4,82.6,5110491,0.0,26.623459999999998
90,28.2,77.9,5188796,0.0,29.13207
132,27.5,76.3,5620878,0.0,35.06639
151,27.1,76.8,5546460,0.0,35.562650000000005
135,27.7,76.0,5492277,0.0,34.219789999999996
126,26.6,83.1,5548364,0.0,32.202149999999996
128,24.3,87.4,4995368,0.0,26.8408
140,25.3,78.4,4607805,0.0,28.864310000000003
97,27.8,71.6,5384771,0.0,37.74052
134,29.9,69.5,5450433,0.0,31.99742
112,30.2,68.3,5376387,0.0,30.137549999999997
154,27.1,84.6,5264257,0.0,39.62704
146,27.3,89.1,5486058,0.0,32.55216
125,26.8,90.1,4949641,0.0,22.92304
116,26.8,88.8,4453144,0.0,21.0021
94,26.4,77.9,5128319,0.0,26.77883
94,26.6,72.4,4931956,0.0,24.0578
101,24.3,91.3,4805630,0.0,21.50679
69,22.7,82.0,4933263,0.0,20.376990000000003
68,23.3,63.9,5190143,0.0,23.59536
51,23.3,66.6,4696140,0.0,18.332559999999997
63,21.7,80.0,4254192,0.0,24.4333
48,19.2,93.5,4827223,0.0,23.74206
67,23.4,71.5,5236232,0.0,27.71803
49,21.1,83.4,5218439,0.0,26.90087
48,22.8,75.8,5339641,0.0,26.784069999999996
63,22.4,72.6,5363487,0.0,24.87447
50,20.2,83.8,4835957,0.0,23.0802
31,21.5,70.4,4507868,0.0,25.85078
41,21.3,79.3,5631374,0.0,23.35732
32,23.0,76.4,5771397,0.0,16.9129
51,22.5,79.9,5762042,0.0,12.769250000000001
63,21.3,70.3,5837765,0.0,13.48902
46,21.5,62.0,5981191,0.0,11.873059999999999
40,21.2,59.3,5480247,0.0,9.749669999999998
28,19.7,57.6,4984864,0.0,10.1503
23,19.1,56.1,5920506,0.0,13.045589999999999
21,20.2,55.3,5993269,0.0,13.181519999999999
40,19.2,59.9,6039443,0.0,12.392109999999999
39,20.6,59.6,6073418,0.0,11.485399999999998
57,20.1,64.1,6182788,0.0,10.177579999999999
26,19.3,62.5,5664772,0.0,8.72616
34,20.4,63.3,5103477,0.0,8.33033
19,20.7,66.0,6068881,0.0,10.312420000000001
11,19.6,67.6,6125258,0.0,10.52708
51,19.6,78.0,5032352,0.0,9.9899
30,18.8,74.9,4632641,0.0,9.73447
11,19.2,79.6,4420448,0.0,10.15124
26,19.9,72.5,4707066,0.0,9.058440000000001
16,16.6,65.1,4700439,0.0,9.21699
19,13.3,57.3,5485926,0.0,12.155809999999999
15,14.2,55.9,5594366,0.0,10.61406
33,16.0,48.9,5666174,0.0,11.019329999999998
20,17.2,53.0,5836340,0.0,10.24786
22,17.2,53.4,5251091,0.0,7.8937800000000005
25,16.9,60.1,5384325,0.0,7.6391599999999995
23,16.9,68.5,5005758,0.0,12.331150000000001
31,16.2,68.6,5748708,0.0,12.65296
20,13.6,52.3,5824452,0.0,10.85534
23,12.8,47.0,5853297,0.0,12.16109
25,11.7,41.8,5873946,0.0,11.06451
18,11.8,64.3,6059501,0.0,10.341310000000002
18,13.1,64.3,5804887,0.0,7.38599
20,13.6,65.5,5350206,0.0,7.0571600000000005
14,15.1,74.4,5890509,0.0,8.647969999999999
11,15.2,67.1,5956184,0.0,7.787990000000001
17,14.1,69.4,5988938,0.0,8.111550000000001
18,13.5,66.0,5989596,0.0,9.296700000000001
20,8.6,51.5,6174896,0.0,11.08795
22,8.7,47.6,5879276,0.0,7.847829999999999
17,11.8,62.5,5436306,0.0,6.406960000000001
20,12.9,71.6,5971757,0.0,9.05686
24,14.0,74.1,6027992,0.0,8.21528
25,13.8,52.1,6092526,0.0,8.20213
36,10.8,40.3,6106140,0.0,8.73143
48,11.9,42.9,6296541,0.0,7.71098
52,13.6,60.3,6004176,0.0,7.12795
45,13.7,84.3,5095732,0.0,11.21843
25,10.8,58.3,5657183,0.0,9.524690000000001
22,5.1,47.5,5689430,0.0,7.05739
42,4.9,43.9,5772077,0.0,7.343419999999999
50,9.6,61.5,5839515,0.0,7.62678
40,13.5,63.3,6022927,0.0,7.348259999999999
37,14.6,68.8,5764788,0.0,5.75519
54,8.5,43.8,5295519,0.0,5.94141
46,5.5,40.9,5753985,0.0,7.92858
35,7.7,56.1,5885355,0.0,7.13525
45,9.3,53.5,5969505,0.0,6.90277
53,10.4,56.9,5954418,0.0,7.44228
74,12.2,71.5,6136550,0.0,11.43965
69,12.5,66.9,5823821,0.0,11.25187
85,11.1,75.0,5390090,0.0,11.44133
81,12.4,70.1,5837555,0.0,16.108539999999998
90,15.9,67.5,5893371,0.0,14.84982
92,16.6,91.4,5918586,0.0,23.007669999999997
109,13.6,90.5,5788879,0.0,24.4107
132,2.8,74.3,6050507,0.0,23.83936
156,6.5,67.9,5696041,0.0,20.73649
121,5.6,80.5,5177575,0.0,22.131320000000002
112,1.7,61.4,5786087,0.0,22.066309999999998
133,2.9,54.5,5652084,0.0,19.05273
142,4.6,64.1,5700224,0.0,22.57818
213,5.6,66.5,5615360,0.0,45.029990000000005
204,4.1,61.6,5677660,0.0,35.06415
178,-0.1,50.0,5245561,0.0,25.22754
158,-0.6,59.6,4865385,0.0,29.91773
159,-0.2,57.8,5524852,0.0,31.57791
155,1.1,44.5,5053957,0.0,21.53503
193,2.4,41.4,5105225,0.0,20.830450000000003
262,0.7,47.1,5121304,0.0,21.18525
295,-0.6,53.8,5251584,0.0,31.938989999999997
235,2.1,63.1,4953421,0.0,21.888969999999997
254,4.5,66.9,4549553,0.0,25.920859999999998
244,3.4,57.5,5029115,0.0,25.5863
214,-0.5,50.0,4941427,0.0,21.905430000000003
270,1.5,55.1,4976116,0.0,22.737859999999998
251,5.8,69.9,5010144,0.0,22.720910000000003
252,5.3,77.1,5130462,0.0,25.709579999999995
362,2.3,51.3,4781479,0.0,42.40678
399,-1.1,74.9,4208391,0.0,45.09433
219,-7.7,49.1,4824157,0.0,45.44406
251,-8.3,43.0,4863175,0.0,34.43878
378,-8.3,43.9,4894423,0.0,36.160450000000004
423,-4.9,47.0,4955889,0.0,33.03644
398,-2.1,57.0,5081829,0.0,27.848750000000003
384,-5.1,45.1,4773182,0.0,23.766170000000002
473,-3.7,50.4,4352672,0.0,25.50958
328,-1.0,64.1,4988921,0.0,29.088260000000002
317,2.0,67.6,5029870,0.0,23.853469999999998
376,4.5,76.6,5047395,0.0,22.290210000000002
319,2.6,61.5,5123677,0.0,17.843619999999998
552,-0.8,51.9,4439420,0.0,19.99145
466,2.2,65.8,4583034,0.0,20.968550000000004
362,5.8,62.9,4243840,0.0,24.17294
301,6.7,72.1,5035040,0.0,20.8906
523,0.1,70.8,5026758,0.0,19.556279999999997
387,-10.9,55.5,5020465,0.0,17.05856
366,-8.9,53.9,5128698,0.0,15.562879999999998
359,-4.2,64.0,3816374,0.0,13.937990000000001
251,-5.0,38.5,4104657,0.0,16.56036
197,-5.6,45.0,3886198,0.0,14.75057
329,-3.5,51.4,4780146,0.0,17.17062
199,-5.5,52.8,4800992,0.0,16.245720000000002
264,-7.4,54.6,4837801,0.0,15.12311
298,-14.5,49.9,4619587,0.0,13.929979999999999
191,-14.9,44.0,4787504,0.0,13.79641
188,-12.2,46.3,4521620,0.0,12.48138
187,-7.7,54.4,4095062,0.0,12.44464
141,-6.7,62.1,4960794,0.0,15.983640000000001
167,-3.9,79.5,4980747,0.0,14.76634
152,2.0,80.3,5072512,0.0,13.941479999999999
134,1.7,46.5,5137594,0.0,14.2154
127,4.5,67.4,5213378,0.0,13.18934
156,-4.9,59.3,4837022,0.0,13.60147
145,-5.5,58.5,4331408,0.0,9.58233
132,-3.8,64.3,5170340,0.0,11.90214
101,-6.3,37.9,5342887,0.0,11.50195
143,-0.1,37.8,5493357,0.0,11.324079999999999
125,4.5,64.4,5409612,0.0,10.263319999999998
115,5.5,92.9,5590498,0.0,10.56059
127,7.6,66.0,5192794,0.0,9.002780000000001
133,7.3,63.9,4727440,0.0,9.53327
102,7.9,62.0,5568573,0.0,12.18693
104,5.3,80.4,5496160,0.0,11.02098
129,1.7,47.6,5648067,0.0,12.302589999999999
105,-2.6,52.3,5466508,0.0,10.36636
112,-8.8,40.0,5641603,0.0,9.78309
154,-1.6,60.0,5280890,0.0,8.769490000000001
101,3.2,57.0,4860803,0.0,11.85064
107,5.0,74.5,5146801,0.0,8.97132
128,-5.6,44.1,5179357,0.0,8.28713
188,-3.2,64.6,5268617,0.0,9.1005
172,-3.6,50.1,5248949,0.0,8.38424
126,1.4,71.8,5480752,0.0,7.763249999999999
143,6.8,80.4,5174819,0.0,7.625730000000001
144,3.6,67.0,4725939,0.0,6.347480000000001
112,-3.1,43.6,5381725,0.0,8.083829999999999
90,-0.9,51.9,5490647,0.0,8.08145
175,3.4,75.1,5527807,0.0,7.715179999999999
183,5.5,71.5,4628753,0.0,7.12338
158,6.5,60.6,4500315,0.0,6.87666
136,7.6,50.6,4552056,0.0,9.724
152,9.5,47.6,4607608,0.0,7.27572
151,1.2,65.1,5405645,0.0,8.71728
161,-5.1,57.9,5462056,0.0,8.14058
258,-8.3,44.1,5576001,0.0,12.800460000000001
185,-5.8,44.9,5656303,0.0,12.04363
180,1.6,66.9,5872301,0.0,9.646160000000002
123,8.8,60.4,5593997,0.0,7.2306
130,10.8,66.6,5166949,0.0,6.57143
106,7.8,58.3,5735937,0.0,8.177489999999999
126,0.0,34.0,5779239,0.0,7.44353
144,2.9,33.0,5865553,0.0,7.22284
122,4.2,35.1,5873137,0.0,6.69539
132,8.2,35.0,6065786,0.0,7.41308
131,9.5,48.6,5744559,0.0,5.439640000000001
120,7.8,49.0,5277215,0.0,5.4251000000000005
92,4.7,91.0,4639375,0.0,5.291980000000001
122,2.3,75.9,5708932,0.0,6.605389999999999
119,4.4,64.4,5797369,0.0,6.14557
118,7.2,62.4,5805434,0.0,6.016970000000001
129,9.0,70.3,6026100,0.0,6.18674
128,6.6,69.5,5645498,0.0,5.197539999999999
132,6.2,62.9,5244280,0.0,4.858179999999999
100,7.0,60.3,5801691,0.0,6.31436
102,6.6,58.5,5873491,0.0,5.81898
138,8.8,61.8,5960686,0.0,6.0219499999999995
138,10.2,50.8,5958204,0.0,5.79923
140,10.5,57.0,6088971,0.0,6.010579999999999
140,9.2,62.8,5796916,0.0,4.33924
112,9.1,71.4,5314510,0.0,4.49428
112,10.6,68.8,5894556,0.0,5.25556
79,8.4,52.5,5967892,0.0,4.94427
120,8.8,44.9,6052220,0.0,4.8642
124,11.7,50.1,6069569,0.0,4.72285
146,15.3,47.9,6266202,0.0,4.40397
120,9.9,74.6,5724572,0.0,3.71232
125,5.8,65.9,5389121,0.0,3.65584
109,6.2,55.3,5967733,0.0,4.721889999999999
97,9.1,63.5,6061758,0.0,4.29674
137,10.8,61.5,6124571,0.0,4.48646
127,11.9,68.5,6200096,0.0,4.397390000000001
122,12.6,58.4,6375663,0.0,4.68773
127,12.1,70.9,5832096,0.0,4.249499999999999
138,9.0,95.8,5385052,0.0,4.0423100000000005
107,10.2,62.3,6094558,0.0,4.97048
145,10.8,47.3,6236996,0.0,4.57193
158,14.5,41.0,6334111,0.0,4.69421
199,17.7,33.0,5574684,0.0,5.527489999999999
167,17.8,35.6,5771467,0.0,5.30673
155,14.9,80.8,5305168,0.0,4.05224
149,11.9,65.8,5149665,0.0,4.52259
152,11.9,47.9,5525303,0.0,6.59012
147,13.9,50.9,5579445,0.0,6.0813999999999995
198,14.1,47.5,5634382,0.0,9.22217
244,13.0,34.0,5617866,0.0,12.55716
215,13.6,39.3,5803071,0.0,11.706669999999999
201,12.6,50.0,5589465,0.0,6.60424
214,15.0,45.4,5157912,0.0,5.93779
162,13.8,70.4,5389018,0.0,7.56208
158,10.4,74.0,5578216,0.0,6.286770000000001
247,8.4,58.5,5645099,0.0,7.886169999999999
217,11.6,62.3,5709044,0.0,7.0647899999999995
216,11.3,60.0,5776801,0.0,6.11683
217,9.6,56.6,5545287,0.0,4.59159
205,9.9,64.3,5210299,0.0,4.5984799999999995
137,12.2,65.3,5651646,0.0,5.79466
148,14.8,55.1,5742353,0.0,5.26833
218,19.1,43.1,5798459,0.0,5.9649399999999995
230,20.9,37.9,5807317,0.0,6.0501
204,19.0,41.4,5972574,0.0,7.747249999999999
253,18.3,43.0,5734835,0.0,5.76263
175,18.2,50.0,5316823,0.0,5.13323
154,16.2,51.8,5766880,0.0,6.6269599999999995
116,15.4,62.4,5769356,0.0,5.87189
259,14.5,64.1,5853996,0.0,5.95799
227,14.6,54.1,5864379,0.0,5.203969999999999
227,11.3,81.8,6030196,0.0,4.909510000000001
195,10.2,80.8,5508599,0.0,3.58092
182,12.4,67.9,5292774,0.0,3.4597499999999997
127,14.1,56.4,5839273,0.0,4.43414
184,13.8,82.6,5788838,0.0,4.18391
238,13.9,64.4,5380659,0.0,3.51975
212,15.7,46.4,5914736,0.0,4.12123
179,14.4,60.3,5963234,0.0,3.7890399999999995
242,14.3,66.1,5679562,0.0,3.36501
195,15.7,51.3,5349925,0.0,3.16558
141,13.2,67.9,5845022,0.0,4.0390500000000005
163,18.5,48.9,6046008,0.0,3.90698
223,22.0,39.5,6088369,0.0,3.88507
227,22.9,54.4,6086967,0.0,4.03468
231,24.1,60.3,6247363,0.0,4.13628
254,22.1,79.5,5761539,0.0,3.02937
213,18.4,97.6,5146952,0.0,2.84305
195,15.3,93.0,5931266,0.0,3.65076
172,17.9,70.5,6254027,0.0,3.39063
249,19.9,52.3,5597446,0.0,2.79036
242,18.7,59.8,6012193,0.0,3.32689
172,16.0,86.5,6202470,0.0,3.40567
208,18.6,69.3,5963669,0.0,2.8089
181,19.5,64.4,5489479,0.0,2.61482
139,19.4,61.0,6094940,0.0,3.3617999999999997
138,15.3,72.3,6136360,0.0,3.26456
262,18.0,58.5,6197528,0.0,3.8042400000000005
218,15.8,83.0,6143279,0.0,3.23172
214,15.3,86.0,6304892,0.0,2.93105
194,15.4,79.8,5953916,0.0,2.39258
160,18.4,73.0,5609429,0.0,2.4581299999999997
130,19.9,78.9,6193168,0.0,3.5149599999999994
147,20.2,74.6,6003865,0.0,3.54803
258,23.2,64.4,6108309,0.0,3.36071
215,19.1,80.8,5941042,0.0,3.41758
206,18.5,69.4,6295674,0.0,3.08455
277,20.8,68.1,5842584,0.0,2.67134
179,23.0,69.6,5371890,0.0,2.4608200000000005
159,21.1,71.5,6035857,0.0,3.16913
139,23.6,69.6,6063386,0.0,3.00044
183,25.8,59.1,6198376,0.0,3.29949
213,24.9,68.5,6173621,0.0,3.1019300000000003
204,21.5,84.5,6319426,0.0,2.97204
208,24.2,74.6,5885159,0.0,2.2109900000000002
176,24.8,72.6,5401962,0.0,2.18083
122,24.8,68.8,6153670,0.0,3.04453
132,22.5,79.1,6189311,0.0,3.26815
201,24.3,59.9,6322659,0.0,3.1333100000000003
201,21.9,71.4,6273957,0.0,2.84394
200,20.0,92.1,6363307,0.0,2.70736
197,22.3,74.0,5993593,0.0,2.1169100000000003
165,22.9,73.3,5517338,0.0,2.73926
134,23.6,67.0,6276413,0.0,3.31483
132,22.8,67.9,6330075,0.0,3.0852299999999997
236,22.4,70.5,6384443,0.0,3.67056
252,23.0,71.1,6404253,0.0,3.27754
269,24.1,69.0,6555153,0.0,2.84818
263,22.8,78.5,6017317,0.0,2.3150299999999997
242,24.5,72.1,5546235,0.0,2.49188
185,23.7,76.4,6271428,0.0,2.97385
205,23.9,78.6,6152995,0.0,3.2112900000000004
375,24.3,77.9,6428502,0.0,7.02231
334,26.3,70.9,5927299,0.0,5.37868
347,27.1,64.1,6087935,0.0,5.660769999999999
359,22.6,80.0,5617224,0.0,4.00669
289,21.4,96.8,5219075,0.0,3.72063
307,23.3,80.3,5928949,0.0,5.04488
320,25.3,73.4,5988812,0.0,12.575
583,26.4,78.5,5917174,0.0,24.256559999999997
550,26.0,81.6,5900717,0.0,23.538320000000002
503,25.5,77.3,5979198,0.0,23.648110000000003
509,25.9,80.4,5568440,0.0,11.825669999999999
509,25.7,86.8,5093515,0.0,9.75048
403,28.1,75.1,5602845,0.0,13.41558
417,28.8,76.1,5616383,0.0,11.93537
638,29.7,71.4,5618614,0.0,17.571369999999998
520,29.1,71.1,5585404,0.0,14.35098
570,28.8,68.4,5728081,0.0,11.697099999999999
562,29.1,63.1,5359117,0.0,8.53703
523,29.6,62.5,4938921,0.0,9.06047
419,26.4,80.1,5628790,0.0,11.7803
394,27.9,75.8,5712173,0.0,11.9188
604,30.5,64.0,5741156,0.0,15.54475
499,31.2,59.8,5706362,0.0,13.00094
520,31.2,61.8,5810075,0.0,10.921249999999999
465,31.7,57.4,5416727,0.0,7.59223
489,31.5,55.8,4943678,0.0,7.43436
341,31.2,54.9,5653952,0.0,8.66518
351,31.1,60.5,5636866,0.0,8.02503
573,30.4,67.4,5754191,0.0,9.82304
515,29.6,69.9,5753427,0.0,8.399090000000001
488,30.5,63.1,5845216,0.0,7.41892
476,29.8,69.9,5415311,0.0,5.74538
473,27.1,81.8,4555757,0.0,5.64248
365,26.5,82.6,5393855,0.0,6.768409999999999
311,28.0,76.9,5470202,0.0,7.13412
486,28.9,70.6,5522731,0.0,7.58358
466,29.4,68.1,5544779,0.0,7.372999999999999
464,28.1,68.4,5592700,0.0,6.748760000000001
503,28.0,65.0,4346958,0.0,5.0791
450,26.8,74.8,4668617,0.0,5.13789
415,28.3,62.4,5614313,0.0,6.857810000000001
360,27.7,62.5,5708866,0.0,8.18152
661,27.4,70.3,5696274,0.0,14.29699
526,26.8,67.1,5671230,0.0,9.60545
524,26.6,70.4,5775932,0.0,7.76496
515,26.1,63.9,5302646,0.0,5.77722
488,26.9,59.6,4882661,0.0,5.359750000000001
364,27.3,61.1,5161870,0.0,5.69126
366,25.9,65.0,5765575,0.0,7.02059
510,24.3,69.6,5839630,0.0,6.701869999999999
575,26.0,57.1,5900821,0.0,7.7206600000000005
556,26.6,63.6,6002116,0.0,7.724200000000001
526,23.8,88.1,5316416,0.0,4.8166400000000005
499,24.4,81.5,5100796,0.0,4.47574
388,22.4,89.3,5805209,0.0,5.64288
438,23.4,93.6,5847192,0.0,5.40103
677,25.0,85.5,6031166,0.0,6.47644
570,25.5,84.9,6047641,0.0,5.41377
557,22.4,83.5,6078143,0.0,4.58091
569,23.6,80.4,5699769,0.0,3.7353099999999997
517,23.7,82.6,5267616,0.0,3.73156
444,24.2,77.5,6077078,0.0,4.74964
456,20.5,93.3,5921056,0.0,4.74239
665,21.4,83.1,5830122,0.0,5.53333
559,23.5,70.3,5862334,0.0,5.05476
542,24.3,60.3,6022590,0.0,5.17818
566,23.2,57.0,5608100,0.0,3.3776200000000003
508,23.1,61.1,5173634,0.0,3.34432
464,22.3,70.1,5880593,0.0,4.2320400000000005
482,19.6,98.1,5783236,0.0,3.9507099999999995
671,22.2,81.3,6072891,0.0,4.5140199999999995
667,23.5,76.5,6065019,0.0,4.186019999999999
670,23.6,76.0,6220037,0.0,3.68315
659,24.0,73.1,5806253,0.0,2.9831900000000005
658,24.2,64.6,5334916,0.0,2.85328
556,24.8,67.1,6095291,0.0,3.60136
539,24.6,63.3,6137842,0.0,3.61742
808,23.6,57.5,6198452,0.0,4.435420000000001
719,22.9,61.1,6206978,0.0,3.6294800000000005
746,23.5,61.4,6295383,0.0,3.4674
703,23.9,65.1,5639968,0.0,2.6963000000000004
742,23.7,62.9,5099922,0.0,2.53764
583,23.7,63.6,4843622,0.0,2.44327
676,22.0,85.1,5007016,0.0,2.4587
644,20.2,79.0,5066453,0.0,2.67224
645,20.9,67.3,6015156,0.0,4.13149
907,21.8,67.5,6236193,0.0,7.1190500000000005
1222,21.2,72.6,5775347,0.0,11.77096
928,22.6,63.0,5334128,0.0,6.57768
778,21.6,66.0,6144172,0.0,6.75654
842,21.5,75.1,6171102,0.0,5.48329
1054,20.2,93.5,6110308,0.0,4.984170000000001
945,20.3,83.9,6303247,0.0,4.2269000000000005
916,21.1,75.8,6025189,0.0,4.13159
793,20.7,77.1,5682663,0.0,2.91682
736,22.3,69.5,5218180,0.0,2.853
574,22.9,81.0,5204896,0.0,3.0718900000000002
521,23.6,82.4,5895459,0.0,3.8778699999999997
690,18.8,91.5,5872183,0.0,3.5083399999999996
837,19.4,85.5,5952161,0.0,3.50317
776,18.8,91.3,6057864,0.0,3.02643
712,20.9,83.5,5609278,0.0,2.44738
583,19.9,89.0,5125057,0.0,2.3571500000000003
511,15.2,78.6,5422146,0.0,2.72988
482,17.9,67.1,6009568,87509.0,3.54276
583,19.6,66.6,6075522,104337.0,3.46746
748,19.7,73.6,6085019,148455.0,3.43241
681,19.0,74.4,6203574,77593.0,3.8897
586,10.7,47.5,5861024,4014.0,2.41351
506,5.6,37.4,5381809,147273.0,2.36113
355,9.6,60.4,5997167,100986.0,3.6343900000000007
298,10.9,72.8,6067311,77590.0,3.55891
504,9.5,64.9,6142157,100368.0,3.13043
506,9.8,64.1,6148387,133141.0,2.90935
519,10.8,58.4,6313229,73977.0,2.70265
551,11.4,57.3,5997676,3645.0,2.26633
520,11.4,63.1,5548996,97964.0,2.1532999999999998
455,11.7,64.5,6197224,61454.0,3.41914
427,13.0,74.5,6233168,59900.0,3.01748
729,13.4,63.4,6264927,129370.0,3.2236
788,12.7,54.6,6291587,130754.0,3.3332799999999994
770,14.6,55.9,6428909,69579.0,3.6359899999999996
706,13.8,62.4,6133718,4166.0,2.5753299999999997
760,14.1,73.3,5699704,44085.0,2.7923
646,12.9,77.3,5910000,34674.0,4.0324599999999995
600,11.5,76.6,6008959,34443.0,3.58922
1004,12.1,71.1,6084653,41368.0,4.93658
946,12.1,80.4,6076973,49110.0,4.24248
980,13.0,68.5,6272785,24075.0,3.7967899999999997
916,14.1,61.1,6030147,1253.0,2.5751299999999997
848,15.3,57.5,5601457,89208.0,2.3519
709,8.6,82.1,5842384,48230.0,2.97921
662,4.9,80.3,6011527,43177.0,2.7788999999999997
973,4.2,73.4,6168716,47490.0,2.84824
1004,5.3,60.6,6188394,63931.0,2.92768
949,4.5,55.4,6330132,37454.0,2.75169
1005,7.3,66.1,6100809,1445.0,2.3542500000000004
978,11.3,69.8,5623437,54077.0,2.20582
859,10.1,71.3,6124896,34508.0,2.96299
846,8.5,65.5,6198565,36516.0,2.95336
1436,7.5,64.1,6253486,37335.0,5.29569
1429,11.9,70.8,6221978,45771.0,4.46787
1401,12.9,84.8,6413571,19890.0,3.73743
1377,10.4,77.0,6161174,934.0,2.79003
1320,10.4,74.4,5700473,54450.0,2.8454099999999998
1278,2.7,61.8,6171643,34264.0,3.53903
1165,-0.6,60.9,6233308,38987.0,3.35526
1735,4.1,64.3,6309981,49706.0,8.47305
1760,5.7,55.0,6360169,75296.0,6.863309999999999
1742,2.9,57.5,6506163,28626.0,6.10466
1888,3.4,53.0,6233372,1100.0,4.630059999999999
1676,5.1,52.4,5757806,59634.0,4.244129999999999
1393,7.6,62.0,6267763,43338.0,7.53761
1186,5.7,80.4,6134521,41763.0,4.98164
2222,-1.3,51.8,5817349,46325.0,10.46362
2268,1.3,68.9,5856689,77371.0,10.33633
2099,1.9,53.3,6064428,35664.0,10.721119999999999
2273,1.4,48.5,5903364,1707.0,5.269570000000001
2032,2.9,50.4,5473023,83787.0,4.50192
1408,5.4,61.4,5846945,67410.0,6.07746
2120,6.8,68.3,5901566,68585.0,5.80689
2901,6.7,70.0,5942104,96521.0,12.52715
2790,6.5,70.3,5938873,164243.0,10.425339999999998
2800,7.0,81.5,6096764,70303.0,8.45951
2835,6.0,83.6,5912294,2414.0,5.89851
2528,1.2,61.8,5415366,165158.0,5.22842
2550,-2.2,43.8,5845344,165158.0,7.64298
2062,3.7,64.9,5899752,189728.0,6.783530000000001
3166,7.2,84.8,6004577,182201.0,9.36201
3057,6.4,71.6,6047874,242771.0,12.53257
2846,-5.6,50.5,6138479,129468.0,5.96155
2794,-5.7,64.1,5747014,7995.0,4.34201
2320,-0.8,63.8,5388381,179324.0,3.9495400000000003
1908,5.2,77.9,5900194,132925.0,5.14907
1994,5.2,70.9,5965633,122399.0,4.95109
2805,2.2,47.4,6048577,112954.0,4.9712
2720,2.7,53.5,6084527,156042.0,4.37959
2346,-0.3,65.3,6149218,11211.0,3.7024000000000004
2123,-11.7,42.4,5583766,5807.0,2.897
1917,-12.1,43.5,5287120,155729.0,3.02216
1496,-7.6,60.9,5872901,115221.0,4.00187
1290,-4.1,73.8,5976623,102966.0,4.32569
1915,0.4,72.9,6041042,102966.0,4.08935
1722,-3.9,48.5,6067077,102978.0,3.5887000000000002
1670,-6.7,35.9,6126485,142109.0,3.2958399999999997
1464,-4.3,46.3,4873448,7021.0,2.51727
1183,-1.3,57.9,4989377,4051.0,2.59536
993,-1.9,58.3,5642901,105472.0,3.44517
938,-2.5,51.8,5746468,73485.0,3.53021
1412,-2.8,47.6,5815806,68179.0,3.3444
1208,-2.2,47.1,5868955,79006.0,3.12892
1038,-1.6,47.1,6003576,7021.0,3.14273
994,0.3,64.3,5696393,79396.0,2.49903
966,1.3,71.5,5222429,3858.0,2.46349
781,0.5,68.3,5836763,97655.0,3.3062199999999997
755,-7.4,55.5,5876273,69063.0,2.9763999999999995
1093,-7.7,47.8,5907832,59328.0,2.96853
978,-6.4,45.8,5924567,72951.0,2.93313
939,-4.8,41.8,6084625,109539.0,3.0354
912,-1.0,48.3,5789163,59502.0,2.06905
925,-2.0,54.5,5345368,3984.0,1.9226100000000002
790,-5.8,59.9,5902759,82685.0,2.47745
763,-5.6,47.9,5988455,52903.0,2.32047
1231,-5.3,72.3,5902691,43563.0,2.77027
1362,-5.0,63.5,6068815,59295.0,3.4443900000000003
1552,-2.7,55.6,6212455,90270.0,3.34428
1591,0.3,52.4,5887736,49244.0,2.8975
1694,2.0,52.4,5401848,2634.0,3.08477
1679,4.6,56.0,6044340,60707.0,4.24298
1724,2.8,80.0,6068285,47979.0,6.899990000000001
3178,1.3,62.8,6160437,50359.0,13.50563
3429,-1.1,50.0,6136855,64084.0,10.06683
3991,-2.7,51.6,6161164,95292.0,7.91394
4199,-3.6,48.9,5506375,63883.0,6.17438
4185,-2.8,45.4,5069562,4819.0,5.402909999999999
4193,-0.7,59.0,4760640,4820.0,4.841740000000001
4131,-1.3,76.6,4688053,859.0,4.809880000000001
4209,-3.4,60.5,4646658,2838.0,7.25895
5218,-3.4,52.4,5564330,67276.0,9.21275
6160,-5.2,53.3,5763877,67021.0,9.113019999999999
8598,-6.6,48.8,5389152,38020.0,9.803790000000001
7821,-3.9,50.3,4998309,2469.0,8.70764
6888,-2.5,51.3,5746877,47802.0,10.405479999999999
5910,-0.1,53.8,5831271,30933.0,8.72094
11682,1.0,52.3,5878817,28031.0,11.298760000000001
11875,1.4,57.8,5911967,39601.0,9.76957
11531,2.9,61.1,6017122,53621.0,8.06601
13198,4.8,50.4,5662767,29424.0,6.31392
11824,4.8,44.9,5166713,1464.0,5.688109999999999
11599,2.5,68.3,5758720,36675.0,7.20448
12453,-4.7,58.0,5809243,26235.0,7.98472
18879,-7.3,50.4,5794698,24492.0,14.248079999999998
19689,-6.2,41.6,5817500,33794.0,11.19743
25651,-1.2,40.4,5979764,44066.0,10.228250000000001
23193,-1.7,52.9,5672095,23925.0,6.428769999999999
22102,-4.8,41.1,5220283,1291.0,5.70092
20018,-3.0,56.3,5806205,30092.0,7.1521300000000005
21807,-4.5,43.3,5877239,21278.0,6.73535
41467,-5.6,38.5,5882546,20225.0,10.9663
37172,-2.4,52.4,5876220,29649.0,9.264990000000001
35614,3.0,77.5,5633819,41999.0,6.94988
36829,5.4,78.4,5638894,22466.0,5.290080000000001
35351,3.7,56.6,5251599,1246.0,4.6822
27973,6.8,62.3,5934586,29391.0,6.256139999999999
27885,5.8,70.5,5080302,952.0,5.3469
46933,3.5,55.9,5939898,12845.0,7.77557
43675,5.8,52.9,5974528,13616.0,6.14269
59269,6.9,60.5,6057032,19681.0,6.82479
53193,2.3,38.4,5696310,10214.0,4.943960000000001
49450,1.4,39.5,5212244,347.0,4.41763
39558,2.8,45.8,5934040,14740.0,5.60382
37484,6.0,56.1,6094879,8912.0,5.39685
74222,7.1,69.6,5358451,2158.0,5.8862000000000005
66859,9.3,51.4,6027351,13320.0,6.2416599999999995
56603,11.2,58.4,6172869,18337.0,6.19493
80437,12.8,72.1,5750603,7649.0,5.85764
67814,11.7,95.5,5141955,134.0,5.46691
56807,8.2,90.3,5913398,10247.0,6.9931
66067,7.2,72.6,6066019,6699.0,6.87853
81395,10.3,62.6,6092008,6258.0,9.3146
128375,10.7,62.0,6045991,9475.0,11.96533
81997,7.5,60.8,6179688,15326.0,8.4652
82132,3.4,84.6,5686642,5872.0,5.33685
65870,5.4,66.1,5368882,117.0,4.94554
41078,5.0,49.5,6084900,9347.0,6.73229
65033,7.1,48.9,6174991,5513.0,6.082279999999999
101133,6.2,56.8,6163289,5607.0,5.9862
77770,8.2,70.6,6196106,7853.0,4.9900400000000005
66943,12.0,70.0,6361581,12552.0,4.40964
64026,11.8,80.9,5893193,5792.0,3.40114
59151,8.1,49.1,5506120,89.0,3.32716
34190,8.2,35.6,6255340,7745.0,4.95525
66079,9.7,52.9,6313735,4405.0,4.5082699999999996
81824,10.8,76.5,6331590,4374.0,4.33767
60131,10.9,63.5,6447777,6605.0,3.89208
51717,9.2,50.5,6039441,9430.0,3.87425
48673,8.2,55.0,5855595,4535.0,2.90297
42109,9.6,55.0,5474754,84.0,2.94246
20894,10.3,50.3,5909766,4830.0,4.391979999999999
51500,10.3,41.1,5964506,2840.0,3.9199499999999996
52430,11.7,52.3,6032000,3249.0,3.5353700000000003
39888,10.9,43.5,6066861,4292.0,3.23726
36212,12.9,49.0,6327973,7408.0,3.0644699999999996
32320,17.8,43.8,6178395,2761.0,2.51205
28901,18.2,46.0,5791255,36.0,2.5385600000000004
14247,19.6,60.4,6159404,3005.0,3.90639
39518,19.3,77.9,6146532,2121.0,3.4497
33076,13.1,69.3,6111372,2446.0,2.99186
24976,13.2,53.4,6192830,3272.0,3.07775
21450,13.3,46.8,6469449,5882.0,4.200690000000001
18118,13.2,48.5,6215909,1901.0,2.3575600000000003
14805,14.0,53.8,5853379,37.0,2.4090700000000003
7345,15.2,46.1,6234281,2069.0,3.81465
21819,15.2,51.9,6333095,1426.0,3.21122
18322,15.7,48.8,6411628,1808.0,2.77226
15192,16.3,48.4,6418922,2399.0,2.44707
13191,15.0,76.8,6546431,4336.0,2.29674
12352,17.7,57.3,6409769,1475.0,1.90039
10377,18.5,72.5,5836623,33.0,2.0223
4763,20.0,80.5,6359413,2207.0,2.9237400000000004
13560,21.9,57.9,6464924,1701.0,2.4975199999999997
11517,17.7,31.5,6533797,1764.0,2.27907
9109,18.2,44.0,6567029,2268.0,2.36448
7726,13.4,70.6,6752687,4115.0,2.36186
6455,13.0,68.0,6519651,1537.0,1.67427
5462,13.4,54.8,5751315,22.0,1.7989199999999999
2653,14.2,56.5,6121909,2341.0,2.54062
8709,14.8,45.9,6215809,1981.0,2.1542000000000003
7436,17.8,43.3,6465725,1881.0,1.9078199999999998
6645,18.9,48.1,5857769,118.0,1.5176900000000002
3596,19.6,67.1,6304338,3704.0,1.8215499999999998
6641,18.4,52.4,6157427,1067.0,1.44455
5979,15.3,51.8,5813902,21.0,1.4290800000000001
2715,17.9,56.4,6253133,2124.0,2.0088199999999996
8142,19.9,39.0,6355805,1505.0,1.7053500000000001
6208,19.7,50.4,6400653,1535.0,1.6690300000000002
5695,20.9,51.5,6440080,1573.0,1.6136199999999998
5178,19.4,45.8,6630666,2241.0,1.56333
4764,15.7,45.5,6443955,1022.0,1.28269
4025,16.2,39.8,6029067,23.0,1.28926
1684,17.3,56.3,6349451,1564.0,1.80668
5889,20.0,60.1,6432689,1180.0,1.7627399999999998
5043,20.0,59.4,6437677,1228.0,1.61071
4557,19.9,53.6,6503532,1324.0,1.58562
4110,20.6,52.8,6742756,2203.0,1.5725
3589,20.1,70.8,6557577,889.0,1.14182
2903,20.3,70.9,6066814,19.0,1.18641
1213,23.0,63.5,6425991,1451.0,1.6416899999999999
4272,22.9,56.8,6507212,1047.0,1.50123
3586,21.0,66.6,6523601,1101.0,1.40501
2788,18.7,59.9,6595448,1349.0,1.3514000000000002
3032,20.0,62.5,6807791,2730.0,1.2674999999999998
2278,22.3,54.1,6613490,1176.0,1.07488
2018,23.1,66.4,6148431,31.0,1.0881699999999999
1120,20.8,71.0,6471325,1568.0,1.5744600000000002
3340,20.7,42.4,6756573,1239.0,1.3912900000000001
2926,22.1,41.6,5906139,267.0,1.1068
1823,21.5,67.4,6332766,1423.0,1.27722
2442,24.5,62.8,6542037,2550.0,1.2346599999999999
2254,25.6,57.0,6239607,948.0,1.01844
1719,22.7,59.8,5783698,19.0,0.94691
738,19.7,69.0,5581862,91.0,1.09035
952,20.6,54.5,6357959,853.0,1.30222
2628,21.2,61.6,6483611,828.0,1.29283
2009,20.9,76.1,6463276,828.0,1.175
1537,20.9,75.8,6660775,1800.0,1.11927
1382,24.6,59.6,6489390,722.0,0.92715
1160,24.6,58.9,5964321,7.0,0.9622599999999999
663,23.6,68.5,6429150,831.0,1.30221
1764,21.5,56.4,6508099,592.0,1.2721200000000001
1690,17.5,92.4,6486775,679.0,1.14932
1549,20.3,78.4,6629869,684.0,1.12073
1280,22.5,76.4,6808303,1236.0,1.16959
1245,23.3,79.6,6540957,529.0,0.86386
1108,23.4,81.6,6039958,10.0,0.84767
719,25.2,76.6,6514700,679.0,1.14322
2043,26.5,72.6,6614304,530.0,1.11532
1778,25.9,71.1,6706019,525.0,1.1389
1580,24.3,89.1,6461565,544.0,0.97272
1605,22.6,90.9,6885451,0.0,0.9460500000000001
1552,26.0,80.4,6625614,0.0,0.7664899999999999
1310,26.5,82.1,6049538,0.0,0.7862499999999999
600,26.8,84.4,6481106,0.0,1.01792
2472,26.9,81.9,6550637,0.0,1.05002
2479,25.1,95.5,6563449,0.0,1.28344
2282,22.3,99.3,6387052,0.0,1.09915
2340,26.6,83.3,6653986,0.0,1.0790799999999998
2778,28.8,72.8,6387444,0.0,1.04857
2440,29.3,68.6,5894683,0.0,1.14111
1161,29.3,71.8,6391070,0.0,1.4577
4779,29.2,73.8,6475360,0.0,2.1337200000000003
4770,29.5,76.0,6531094,0.0,2.26159
4580,28.2,82.3,6484766,0.0,2.16238
4605,25.8,84.4,6728054,0.0,2.31157
4900,26.9,82.1,6427003,0.0,1.86087
5244,29.2,68.0,5927656,0.0,1.93909
2622,27.0,75.0,6471703,0.0,3.1986
9412,26.8,73.1,6582231,0.0,4.14757
9363,25.0,93.9,6301162,0.0,4.13396
9655,25.7,84.6,6669675,0.0,3.33947
8951,26.0,76.5,6839859,0.0,2.87031
9457,24.8,83.4,6446620,0.0,1.89979
8565,25.5,78.9,6019446,0.0,1.86203
4896,26.8,76.0,6548274,0.0,3.1666000000000003
18038,27.4,74.1,6620960,0.0,4.53749
17199,27.1,76.1,6661377,0.0,4.256259999999999
16670,23.2,87.6,6608360,0.0,3.53119
15379,25.1,81.5,6773668,0.0,2.7803199999999997
14830,24.8,83.6,6323273,0.0,1.8897700000000002
13809,25.0,86.9,5900063,0.0,1.8332300000000001
5967,27.5,75.0,6527064,0.0,2.8198499999999997
23107,28.9,72.5,6597918,0.0,3.47194
20083,29.3,66.3,6631871,0.0,3.43232
18169,29.7,63.8,6626077,0.0,2.69234
17517,30.7,68.1,6726304,0.0,2.1892199999999997
16588,30.9,68.4,6254110,0.0,1.71921
14149,27.2,85.8,5798849,0.0,1.44058
7340,28.6,82.4,6084856,0.0,2.0927
24615,26.8,90.0,6110397,0.0,2.39231
23023,27.1,90.1,6234425,0.0,2.22518
20239,28.9,79.3,6303791,0.0,2.0052600000000003
20817,29.4,76.6,6402312,0.0,1.7874100000000002
20160,28.7,85.3,5994666,0.0,1.45123
18366,28.9,82.1,5634044,0.0,1.40659
7867,26.8,91.6,5943186,0.0,1.9672500000000002
29489,25.1,96.0,5809893,0.0,1.9875399999999999
26068,24.7,85.3,6310456,0.0,1.9521700000000002
24516,25.0,87.9,6319612,0.0,1.8007900000000001
22835,27.0,73.8,6534676,0.0,1.59183
21859,25.8,82.8,5977658,0.0,1.21401
19596,27.6,83.0,5627584,0.0,1.15601
8246,28.1,83.0,5528284,0.0,1.30148
13060,26.7,75.4,6436432,0.0,1.86128
32523,26.0,76.6,6540435,0.0,2.218
28375,25.6,75.8,6581980,0.0,1.99498
21033,26.0,86.1,6568319,0.0,1.67826
19973,28.2,80.0,6344605,0.0,1.2399
16743,28.1,75.3,5911191,0.0,1.14087
7395,26.8,75.6,6515946,0.0,1.6323599999999998
25679,25.4,75.0,6628158,0.0,1.56469
20578,24.8,66.9,6717160,0.0,1.43846
17722,22.2,78.0,6702670,0.0,1.34582
15757,23.8,75.3,6922801,0.0,1.19364
14599,21.5,63.1,6547024,0.0,0.8958300000000001
13052,22.6,59.4,6078482,0.0,0.8911699999999999
5756,21.0,74.0,6656563,0.0,1.24995
20418,19.1,96.3,6598508,0.0,1.17388
15911,21.7,83.3,6868712,0.0,1.1450900000000002
13325,24.0,70.8,6622008,0.0,1.06524
15564,24.7,61.8,6794650,0.0,0.9585600000000001
13899,24.2,63.0,6480636,0.0,0.75994
11939,22.3,88.6,5843134,0.0,0.7400599999999999
5319,19.2,95.9,6146704,0.0,0.96623
18779,21.0,78.0,6468634,0.0,0.9514199999999999
14538,22.8,65.3,6812437,0.0,0.8860499999999999
13066,23.2,65.5,6814408,0.0,0.81498
12315,24.3,59.1,5677486,0.0,0.65804
6081,23.6,52.3,5476239,0.0,0.6801999999999999
4807,23.3,68.6,5495090,0.0,0.67406
6289,23.8,76.1,5642894,0.0,0.73166
9552,24.3,73.0,6552654,0.0,0.9798
17384,24.6,56.9,6737732,0.0,1.0096699999999998
11819,25.2,66.9,6812529,0.0,0.8997600000000001
9225,25.7,78.6,6920264,0.0,0.82318
7659,25.6,83.1,6678161,0.0,0.62583
5970,27.1,75.3,6223626,0.0,0.6414000000000001
3199,24.6,63.1,6760847,0.0,0.9337
9735,19.9,57.0,6872770,0.0,0.9331
7358,19.4,56.9,6930574,0.0,0.8234699999999999
6154,19.8,60.1,6904388,0.0,0.80942
5625,17.5,68.9,7076545,0.0,0.91977
5651,18.5,64.6,6809870,0.0,0.632
4888,19.6,63.3,6306979,0.0,0.63499
2335,20.0,58.5,6862593,0.0,0.8910199999999999
8557,20.9,59.0,6943215,0.0,0.7759699999999999
7122,20.4,71.0,6985192,0.0,0.7511399999999999
6270,20.4,73.5,7001663,0.0,0.75487
5794,20.7,68.0,7153274,0.0,0.7179199999999999
5584,20.9,63.3,6360866,0.0,0.5502800000000001
4797,19.4,78.9,5838323,0.0,0.5735
2025,21.4,98.5,5424280,0.0,0.6098100000000001
3086,17.9,83.8,6344337,0.0,0.7462599999999999
7674,16.6,74.8,6485292,0.0,0.73361
5520,15.8,76.6,6481711,0.0,0.67533
4319,14.3,69.5,6776149,0.0,0.6298999999999999
3963,15.8,64.6,6619278,0.0,0.52873
3552,13.1,85.8,5844112,0.0,0.53117
1494,9.9,72.9,5757059,0.0,0.5901599999999999
3054,11.1,69.1,6504379,0.0,0.73141
6802,13.5,68.1,6610167,0.0,0.7073699999999999
5254,16.3,69.6,6644993,0.0,0.66227
4834,17.1,73.4,6838795,0.0,0.62483
4579,18.2,68.5,6630920,0.0,0.55294
4191,16.9,73.9,6043905,0.0,0.5392899999999999
1921,11.2,50.3,6066937,0.0,0.7312700000000001
7531,9.4,52.1,6583556,0.0,0.7600899999999999
5897,10.5,57.8,6668851,0.0,0.70514
5416,12.9,64.4,6705812,0.0,0.6500900000000001
5061,14.0,68.8,6892633,0.0,0.6408200000000001
6016,15.1,76.3,6683380,0.0,0.5252199999999999
5176,14.0,65.0,6157490,0.0,0.52222
2438,10.6,52.6,6570879,0.0,0.7302899999999999
10066,11.3,56.5,6676766,0.0,0.83246
7906,12.9,58.3,6754146,0.0,0.83566
6848,13.2,71.8,6767223,0.0,0.7491899999999999
7480,13.6,70.1,6967498,0.0,0.68338
7578,14.8,65.9,6781767,0.0,0.54158
6708,14.9,64.5,6238270,0.0,0.6679
3099,14.9,69.8,6626797,0.0,0.7707799999999999
13017,13.1,73.5,6408367,0.0,0.88253
10940,11.1,57.1,6477976,0.0,0.8639199999999999
9547,9.3,58.1,6479181,0.0,0.8395799999999999
8677,4.9,41.8,6630224,0.0,0.76651
8104,6.5,51.3,6339302,0.0,0.58722
7163,9.6,60.5,5892168,0.0,0.5890200000000001
3320,11.4,64.5,6432720,0.0,0.87173
14158,12.9,68.3,6582977,0.0,0.89261
12481,11.4,76.0,6629917,0.0,0.97271
11073,13.5,74.5,6664963,0.0,0.89662
10903,15.6,62.5,6832198,0.0,0.81049
10836,16.3,80.0,6378486,0.0,0.6598499999999999
9263,10.3,85.6,5940927,0.0,0.67366
3649,9.7,74.8,6517799,0.0,1.0001200000000001
15539,8.1,77.4,6620252,0.0,1.07864
12483,8.5,71.3,6716052,0.0,0.95167
10846,10.2,64.6,6705742,0.0,0.83273
9742,11.0,69.6,6882530,0.0,0.7407499999999999
10124,12.9,55.8,6625029,0.0,0.58211
8804,13.7,58.3,6188534,0.0,0.62535
3826,11.8,70.5,6669555,0.0,0.90653
15613,10.7,69.9,6743603,0.0,0.8981499999999999
13499,10.8,56.0,6805170,0.0,0.84205
11456,9.4,65.6,6837197,0.0,0.74493
10684,12.3,67.1,7001456,0.0,0.69462
10161,6.7,52.4,6657543,0.0,0.5602
9160,5.4,43.1,6144419,0.0,0.57089
3794,12.3,65.5,6566147,0.0,0.78077
15501,6.9,67.0,6706482,0.0,0.7537
12290,-5.4,49.1,6729219,0.0,0.7150599999999999
11034,-5.4,43.4,6240372,0.0,0.6512899999999999
10487,-2.5,42.0,6490934,0.0,0.60004
10369,2.1,70.5,6370268,0.0,0.47728000000000004
8526,-3.5,38.9,5892584,0.0,0.51814
3921,-3.1,41.9,6206939,0.0,0.74412
16372,0.9,62.8,6196142,0.0,0.7252900000000001
13747,4.9,60.4,6387895,0.0,0.7596599999999999
11977,3.7,57.5,6457427,0.0,0.6771999999999999
11853,4.5,60.8,6662428,0.0,0.64422
11690,2.6,46.5,6556104,0.0,0.50306
9603,1.6,52.5,6025026,0.0,0.5207100000000001
3910,2.0,73.4,6295457,0.0,0.74713
17696,0.0,70.8,6339156,0.0,0.8050700000000001
15180,-8.4,50.1,6377112,0.0,0.77574
12830,-4.5,79.1,6341868,0.0,0.6975600000000001
12402,-6.3,56.9,6650957,0.0,0.694
12404,-7.0,52.0,6549310,0.0,0.5634800000000001
10649,-9.5,47.1,6009976,0.0,0.5464399999999999
4191,-7.0,55.6,6348685,0.0,0.7300000000000001
18223,-3.2,55.8,6498363,0.0,0.77615
15564,-0.1,82.4,6124725,0.0,0.77126
13946,-7.8,60.5,6509137,0.0,0.7331
12414,-11.8,60.5,6548831,0.0,0.75925
12083,-8.4,54.9,6350351,0.0,0.58888
10508,-5.4,66.5,5973320,0.0,0.5565100000000001
3585,-3.9,68.4,6380339,0.0,0.8257300000000001
18725,-2.6,69.8,6482326,0.0,0.75359
15783,-3.3,58.1,6513249,0.0,0.72032
13396,-2.9,56.3,6436778,0.0,0.7094499999999999
11668,-1.8,65.6,6605542,0.0,0.6612199999999999
11601,-1.2,65.5,6225833,0.0,0.52885
9990,-0.2,54.5,5400807,0.0,0.52059
3304,-4.5,45.9,6028092,0.0,0.77335
16966,-5.0,49.0,6175785,0.0,0.87025
13915,-1.8,51.4,6274351,0.0,0.8398699999999999
11510,-1.6,58.1,6320475,0.0,0.7628699999999999
10411,0.6,71.9,6394148,0.0,0.65369
9925,1.5,80.9,6165715,0.0,0.51515
7824,1.3,69.3,5731060,0.0,0.50231
2850,3.1,60.1,6295347,0.0,0.68244
12140,1.6,59.9,6429588,0.0,0.5816
9534,2.6,61.9,6473926,0.0,0.5609500000000001
7948,5.9,46.6,6499670,0.0,0.51426
7203,8.3,99.1,6476643,0.0,0.49971
6649,6.6,92.9,6267639,0.0,0.39920999999999995
5749,-0.2,93.9,5749188,0.0,0.41359
2139,-4.6,63.1,6362367,0.0,0.54152
8550,-3.7,65.1,6469914,0.0,0.54175
6637,-1.9,60.5,6533123,0.0,0.52718
5501,-0.4,69.3,6494852,0.0,0.49389
5016,-3.3,52.4,6412945,0.0,0.57014
5161,-4.5,55.4,5440269,0.0,0.37814
2315,-0.6,62.8,5439267,0.0,0.36571000000000004
1439,-0.8,66.6,5191537,0.0,0.40808
2127,-14.7,51.9,5081121,0.0,0.39263
3187,-11.3,45.1,6003309,0.0,0.49056
6815,-6.0,80.1,6273693,0.0,0.46523000000000003
5081,-7.3,56.5,6607600,0.0,0.47817
4065,-6.0,54.9,6314807,0.0,0.37598000000000004
2924,-1.8,58.3,5887353,0.0,0.40618
922,-0.9,55.9,6518507,0.0,0.6492899999999999
3696,2.4,69.1,6625675,0.0,0.51995
3276,0.9,68.4,6335065,0.0,0.4676
2884,-2.4,50.3,6394943,0.0,0.42805
2551,-1.6,47.4,6589849,0.0,0.4428
2440,-0.2,49.8,6345176,0.0,0.34525
2299,1.7,71.0,5854369,0.0,0.33653000000000005
815,3.0,72.3,6337400,0.0,0.46163
3046,3.5,72.9,6459315,0.0,0.44112
2904,2.1,62.1,6529970,0.0,0.43511
2460,4.0,49.9,6594702,0.0,0.43307
2370,3.8,79.6,6729100,0.0,0.41435999999999995
2292,2.8,73.0,6497121,0.0,0.33256
2126,3.7,70.0,5949700,0.0,0.34265
746,5.9,66.5,6446276,0.0,0.44986000000000004
2703,1.7,54.9,6591291,0.0,0.41977
2570,3.2,46.4,6676008,0.0,0.41522
2282,2.3,68.3,6091561,0.0,0.39285
2097,3.4,67.8,6621364,0.0,0.38969000000000004
1980,5.7,58.3,6490603,0.0,0.32722
1906,3.5,56.1,6092029,0.0,0.32343
704,-0.5,46.4,6498017,0.0,0.4302
2503,-1.3,42.4,6644432,0.0,0.41841
2354,1.2,50.6,6746329,0.0,0.4254800000000001
2116,2.9,65.5,6773603,0.0,0.39359
1959,3.5,57.9,6951409,0.0,0.39163
1922,0.7,44.0,6691863,0.0,0.32815000000000005
1767,2.2,46.6,6230343,0.0,0.35477000000000003
623,4.4,47.4,6714075,0.0,0.44256
2326,4.3,63.4,6950152,0.0,0.40970999999999996
2301,6.0,54.4,5826999,0.0,0.36943
1200,2.2,37.8,6447834,0.0,0.45409999999999995
2296,4.6,65.0,6659687,0.0,0.47861
2214,7.7,68.4,6428289,0.0,0.40357
2008,8.0,54.0,6004267,0.0,0.37761999999999996
734,9.2,41.9,6481926,0.0,0.49965
2748,11.7,60.9,6573205,0.0,0.4805
2447,12.5,66.3,6605923,0.0,0.46678000000000003
2131,10.3,85.9,6616515,0.0,0.51488
2170,13.5,62.1,6856984,0.0,0.448
1978,15.2,52.0,6603920,0.0,0.38219
1829,5.9,68.0,5910464,0.0,0.37370000000000003
690,2.9,38.9,6534385,0.0,0.52128
2398,9.2,45.9,6672540,0.0,0.50148
2312,8.6,66.6,6688538,0.0,0.6500799999999999
1979,4.6,36.8,6734468,0.0,0.47448999999999997
1988,7.2,34.3,6913234,0.0,0.43178
1927,7.7,46.4,6659985,0.0,0.38709
1870,8.3,59.6,6185579,0.0,0.44944
689,9.5,50.4,6645822,0.0,0.6697000000000001
2842,13.0,35.1,6754450,0.0,0.51441
2723,17.0,44.8,6798568,0.0,0.49434
2467,17.4,48.9,6810123,0.0,0.45689
2193,12.5,36.8,6992812,0.0,0.42991
2268,12.5,59.9,6758339,0.0,0.36335
773,7.3,44.8,6227560,0.0,0.48704
3116,9.2,53.3,6710785,0.0,0.45625999999999994
2971,11.8,50.3,6835037,0.0,0.57311
2735,13.3,42.5,6866971,0.0,0.42544000000000004
2482,15.0,42.5,7040870,0.0,0.38732000000000005
2523,17.5,40.4,6263536,0.0,0.32764000000000004
2401,18.8,29.6,5836024,0.0,0.33194
842,19.0,29.4,6073749,0.0,0.47090000000000004
3588,17.6,40.4,6061730,0.0,0.44806
3353,11.9,97.8,5901207,0.0,0.43687
2887,8.8,94.6,6067737,0.0,0.41658
2667,8.9,65.0,6392491,0.0,0.39469
2589,8.8,51.1,6264839,0.0,0.33383
2285,10.8,56.8,5813310,0.0,0.31294
828,13.2,50.8,6118830,0.0,0.43746
3488,13.1,73.4,6004529,0.0,0.42515000000000003
3498,10.1,45.1,6212073,0.0,0.42257
2817,11.9,45.0,6233571,0.0,0.41451000000000005
